Level 1,Level 2,Level 3,Level 4,Level 5,Level 6,Level 7
Corneria,Meteo,Fichina,Sector X,Titania,Bolse,Venom (Easy)
Corneria,Meteo,Fichina,Sector X,Macbeth,Bolse,Venom (Easy)
Corneria,Meteo,Fichina,Sector X,Macbeth,Area 6,Venom (Hard)
Corneria,Meteo,Fichina,Sector X,Sector Z,Bolse,Venom (Easy)
Corneria,Meteo,Fichina,Sector X,Sector Z,Area 6,Venom (Hard)
Corneria,Meteo,Fichina,Solar,Macbeth,Bolse,Venom (Easy)
Corneria,Meteo,Fichina,Solar,Macbeth,Area 6,Venom (Hard)
Corneria,Meteo,Katina,Sector X,Titania,Bolse,Venom (Easy)
Corneria,Meteo,Katina,Sector X,Macbeth,Bolse,Venom (Easy)
Corneria,Meteo,Katina,Sector X,Macbeth,Area 6,Venom (Hard)
Corneria,Meteo,Katina,Sector X,Sector Z,Bolse,Venom (Easy)
Corneria,Meteo,Katina,Sector X,Sector Z,Area 6,Venom (Hard)
Corneria,Meteo,Katina,Solar,Macbeth,Bolse,Venom (Easy)
Corneria,Meteo,Katina,Solar,Macbeth,Area 6,Venom (Hard)
Corneria,Sector Y,Katina,Sector X,Titania,Bolse,Venom (Easy)
Corneria,Sector Y,Katina,Sector X,Macbeth,Bolse,Venom (Easy)
Corneria,Sector Y,Katina,Sector X,Macbeth,Area 6,Venom (Hard)
Corneria,Sector Y,Katina,Sector X,Sector Z,Bolse,Venom (Easy)
Corneria,Sector Y,Katina,Sector X,Sector Z,Area 6,Venom (Hard)
Corneria,Sector Y,Katina,Solar,Macbeth,Bolse,Venom (Easy)
Corneria,Sector Y,Katina,Solar,Macbeth,Area 6,Venom (Hard)
Corneria,Sector Y,Aquas,Zoness,Macbeth,Bolse,Venom (Easy)
Corneria,Sector Y,Aquas,Zoness,Macbeth,Area 6,Venom (Hard)
Corneria,Sector Y,Aquas,Zoness,Sector Z,Bolse,Venom (Easy)
Corneria,Sector Y,Aquas,Zoness,Sector Z,Area 6,Venom (Hard)